date,close,volume,open,high,low
2019/02/28,21.0100,124383.0000,20.8800,21.1000,20.5900
2019/02/27,20.9800,77430.0000,21.1400,21.2900,20.8000
2019/02/26,21.1600,158558.0000,21.1700,21.5425,21.0425
2019/02/25,21.1700,145921.0000,21.1000,21.3400,20.9400
2019/02/22,21.0000,434110.0000,20.3900,21.0800,20.3800
2019/02/21,20.1900,167021.0000,19.7400,20.7900,19.5300
2019/02/20,19.9200,133632.0000,19.6600,20.0600,19.5200
2019/02/19,19.5500,138108.0000,19.5000,19.6000,19.1000
2019/02/15,19.5900,146006.0000,19.2000,19.6400,19.1750
2019/02/14,19.1300,89723.0000,19.3000,19.5000,19.0900
2019/02/13,19.4100,45818.0000,19.5500,19.6700,19.3500
2019/02/12,19.3800,126762.0000,18.9000,19.4400,18.8500
2019/02/11,18.9200,164590.0000,18.7000,19.1800,18.5500
2019/02/08,18.7400,79376.0000,19.1500,19.1500,18.5500
2019/02/07,19.2900,94491.0000,19.3400,19.4837,18.8900
2019/02/06,19.4100,76418.0000,19.7700,19.7900,19.3300
2019/02/05,19.7500,55613.0000,19.7300,19.8800,19.6300
2019/02/04,19.7400,83831.0000,19.6000,19.8400,19.6000
2019/02/01,19.7100,74823.0000,19.6100,19.7600,19.3200
2019/01/31,19.4500,95038.0000,19.5400,19.6600,19.2900
2019/01/30,19.6100,137774.0000,19.8200,19.8500,19.5000
2019/01/29,19.7100,82836.0000,19.6900,19.8400,19.5600
2019/01/28,19.6800,83075.0000,19.4000,19.7500,19.4000
2019/01/25,19.4300,70488.0000,19.9600,19.9600,19.4200
2019/01/24,19.7500,69443.0000,19.7000,19.7800,19.5300
2019/01/23,19.6600,126367.0000,19.7700,19.9050,19.4000
2019/01/22,19.6800,171925.0000,19.4000,19.8700,18.8200
2019/01/18,19.6300,321436.0000,19.3300,19.7900,19.1000
2019/01/17,19.2600,846850.0000,17.7800,19.3800,17.7600
2019/01/16,17.0000,133512.0000,17.0700,17.3900,16.9700
2019/01/15,16.9900,107830.0000,16.8200,17.0000,16.5800
2019/01/14,16.8600,97806.0000,16.8600,17.0701,16.7800
2019/01/11,16.9800,91623.0000,16.5400,17.0200,16.5000
2019/01/10,16.6400,80479.0000,16.5700,16.8764,16.5000
2019/01/09,16.5800,61666.0000,16.5000,16.8700,16.4901
2019/01/08,16.4900,101545.0000,16.2800,16.5100,16.2300
2019/01/07,16.1300,79637.0000,15.9400,16.2000,15.8100
2019/01/04,15.9400,182687.0000,15.5300,16.0800,15.5300
2019/01/03,15.3900,136545.0000,15.5100,15.7050,15.2700
2019/01/02,15.5900,129569.0000,15.3200,15.8600,15.2900
2018/12/31,15.5000,150089.0000,15.6400,15.7100,15.2986
2018/12/28,15.6100,158684.0000,15.3100,15.7800,15.3100
2018/12/27,15.3300,200702.0000,14.9500,15.3500,14.8600
2018/12/26,15.1300,234170.0000,14.5200,15.1700,14.5200
2018/12/24,14.5000,135521.0000,14.6300,14.7700,14.5000
2018/12/21,14.7100,355077.0000,14.8800,15.2500,14.7000
2018/12/20,14.7600,140823.0000,14.8500,15.1600,14.7500
2018/12/19,14.8900,121012.0000,14.8600,15.4300,14.8600
2018/12/18,14.8600,169562.0000,14.8800,15.1900,14.7400
2018/12/17,14.7700,181449.0000,15.4000,15.4000,14.7200
2018/12/14,15.4700,147299.0000,15.6600,15.7100,15.4600
2018/12/13,15.7700,101060.0000,16.4000,16.4700,15.6900
2018/12/12,16.4100,403015.0000,16.2900,16.6800,16.0600
2018/12/11,16.0600,75494.0000,16.1600,16.3400,15.9100
2018/12/10,16.1100,152161.0000,16.0200,16.2800,15.6400
2018/12/07,16.0400,147239.0000,16.4600,16.5800,15.9800
2018/12/06,16.4600,324868.0000,16.3000,16.6300,16.0000
2018/12/04,16.5100,300023.0000,17.3000,17.3900,16.4500
2018/12/03,17.1900,236816.0000,17.1000,17.4800,16.7900
2018/11/30,17.0400,177068.0000,16.7900,17.0500,16.4800
2018/11/29,16.7900,174088.0000,16.4700,16.8700,16.3400
2018/11/28,16.5000,147735.0000,16.2400,16.5000,16.0500
2018/11/27,16.2200,83860.0000,16.3400,16.3400,16.1100
2018/11/26,16.3600,142997.0000,16.3300,16.4800,16.0600
2018/11/23,16.1500,32336.0000,16.3900,16.3900,16.1000
2018/11/21,16.4100,121719.0000,15.7700,16.6000,15.7700
2018/11/20,15.6700,171111.0000,15.9900,16.3200,15.6300
2018/11/19,16.1400,125407.0000,16.5500,16.6300,16.1300
2018/11/16,16.6100,92979.0000,16.3900,16.7100,16.3200
2018/11/15,16.4800,112470.0000,16.2400,16.5300,16.1100
2018/11/14,16.2900,216618.0000,16.9700,16.9900,16.2000
2018/11/13,16.9200,139664.0000,16.9000,17.3300,16.9000
2018/11/12,17.0500,146282.0000,17.0600,17.2300,16.8700
2018/11/09,17.2000,229839.0000,17.1000,17.4700,16.9500
2018/11/08,17.0100,271653.0000,16.7700,17.5600,16.7300
2018/11/07,16.2100,205329.0000,16.0900,16.3500,15.7000
2018/11/06,16.1200,133567.0000,15.7500,16.2300,15.7400
2018/11/05,15.7300,263023.0000,15.3000,16.6300,15.3000
2018/11/02,15.3400,304971.0000,15.0200,15.4200,14.9000
2018/11/01,14.9700,822419.0000,18.7800,18.7800,14.5701
2018/10/31,19.0600,175319.0000,19.1100,19.2900,18.8900
2018/10/30,18.8700,254131.0000,18.9100,19.1200,18.5400
2018/10/29,18.8900,68245.0000,19.2900,19.5200,18.7850
2018/10/26,19.1700,101337.0000,19.1200,19.3500,18.9000
2018/10/25,19.3200,90332.0000,19.2300,19.5100,19.1400
2018/10/24,19.1600,74815.0000,19.3700,19.5500,19.1600
2018/10/23,19.4400,110248.0000,19.6000,19.8500,19.1950
2018/10/22,19.8000,65606.0000,20.0100,20.1100,19.6650
2018/10/19,20.0500,53351.0000,20.1900,20.4600,20.0500
2018/10/18,20.2300,81104.0000,20.5800,20.5800,20.0700
2018/10/17,20.6500,85686.0000,20.6300,20.7900,20.5850
2018/10/16,20.6700,69415.0000,20.4900,20.7100,20.3500
2018/10/15,20.4100,84843.0000,20.4200,20.5700,20.0304
2018/10/12,20.4700,140795.0000,20.5100,20.5200,20.2500
2018/10/11,20.2600,124250.0000,20.5700,20.7400,20.2100
2018/10/10,20.6100,97163.0000,20.7600,20.9300,20.5800
2018/10/09,20.7600,46000.0000,20.7600,20.9500,20.7100
2018/10/08,20.8100,57408.0000,20.7500,20.8900,20.5900
2018/10/05,20.7600,75742.0000,20.8300,20.8300,20.4200
2018/10/04,20.7800,85208.0000,21.0800,21.0900,20.6600
2018/10/03,21.1700,74961.0000,21.6000,21.6000,21.1400
2018/10/02,21.4600,92334.0000,21.7700,21.8100,21.4400
2018/10/01,21.7100,91671.0000,21.5300,21.8900,21.5000
2018/09/28,21.5500,98902.0000,21.5200,21.7000,21.4900
2018/09/27,21.5300,82471.0000,21.7000,21.8200,21.5200
2018/09/26,21.7900,171097.0000,21.8900,22.1300,21.6700
2018/09/25,21.8500,105293.0000,21.9100,22.0800,21.8100
2018/09/24,21.9100,105172.0000,22.3300,22.5600,21.8900
2018/09/21,22.3800,333530.0000,22.4700,22.5514,22.3700
2018/09/20,22.4500,71011.0000,22.1400,22.4900,22.1300
2018/09/19,22.0500,145817.0000,22.0500,22.1400,21.9500
2018/09/18,22.1000,140735.0000,22.1500,22.4200,22.0000
2018/09/17,22.1600,54893.0000,22.4300,22.5650,22.1500
2018/09/14,22.4300,59536.0000,22.2900,22.5600,22.2300
2018/09/13,22.2900,61342.0000,22.4300,22.6700,22.2500
2018/09/12,22.4000,102361.0000,22.5300,22.6800,22.1500
2018/09/11,22.5800,108116.0000,22.3100,22.6300,22.2000
2018/09/10,22.3700,89903.0000,22.7500,22.8000,22.1900
2018/09/07,22.6500,104034.0000,22.3700,22.7700,22.2300
2018/09/06,22.4000,87539.0000,22.4600,22.4600,22.2676
2018/09/05,22.3800,95571.0000,22.3500,22.4800,22.2500
2018/09/04,22.4200,61743.0000,22.7100,22.8000,22.3700
2018/08/31,22.7700,77805.0000,22.8800,23.0700,22.6500
2018/08/30,22.9400,113680.0000,23.1800,23.1800,22.8900
2018/08/29,23.1700,42226.0000,23.3200,23.5022,23.0950
2018/08/28,23.3900,50134.0000,23.6600,23.6800,23.2500
2018/08/27,23.6600,141467.0000,23.1900,23.7900,23.1000
2018/08/24,23.2200,84262.0000,23.2600,23.3600,23.1700
2018/08/23,23.2400,98161.0000,23.3500,23.3800,23.1100
2018/08/22,23.3800,120172.0000,23.9000,24.0900,23.3500
2018/08/21,23.9700,78018.0000,23.7900,24.0700,23.6700
2018/08/20,23.5500,79898.0000,23.3800,23.6100,22.9900
2018/08/17,23.4000,59312.0000,23.4500,23.6350,23.3100
2018/08/16,23.5000,84378.0000,23.2300,23.6650,23.2300
2018/08/15,23.1500,77089.0000,22.9300,23.2700,22.8850
2018/08/14,23.0200,72217.0000,23.1800,23.3500,22.9300
2018/08/13,23.2500,108417.0000,23.3200,23.5600,23.0900
2018/08/10,23.5400,28425.0000,23.4800,23.7800,23.4300
2018/08/09,23.6400,65546.0000,24.0300,24.1900,23.6000
2018/08/08,23.9900,89736.0000,24.1600,24.3000,23.9600
2018/08/07,24.2800,73442.0000,24.2500,24.4700,24.0200
2018/08/06,24.2500,86777.0000,23.6400,24.3250,23.5900
2018/08/03,23.4900,116169.0000,23.7800,23.8500,23.3400
2018/08/02,23.7100,123996.0000,23.7700,24.0750,23.2900
2018/08/01,23.9200,191937.0000,23.6400,24.3350,22.1600
2018/07/31,24.9900,143718.0000,24.0900,25.0500,24.0900
2018/07/30,24.0900,73277.0000,24.2500,24.6000,24.0200
2018/07/27,24.3200,51069.0000,24.7200,24.8000,24.3000
2018/07/26,24.6300,66028.0000,24.5700,24.7300,24.3000
2018/07/25,24.5400,45596.0000,24.8000,24.9400,24.3800
2018/07/24,24.8100,43162.0000,24.9000,24.9500,24.7150
2018/07/23,24.9200,49469.0000,24.7300,24.9600,24.7300
2018/07/20,24.7300,78732.0000,24.7000,24.9900,24.7000
2018/07/19,24.7500,49617.0000,24.7800,24.8600,24.5900
2018/07/18,24.7800,49210.0000,24.9600,25.0000,24.5300
2018/07/17,24.9500,58611.0000,24.9200,25.0000,24.8100
2018/07/16,24.9200,49112.0000,25.0500,25.1300,24.8100
2018/07/13,25.0200,55733.0000,24.9700,25.2900,24.9150
2018/07/12,24.9700,35244.0000,24.8800,24.9800,24.6600
2018/07/11,24.8400,81868.0000,24.7500,25.0700,24.7500
2018/07/10,24.8300,107248.0000,24.9500,25.0990,24.7800
2018/07/09,24.9500,92292.0000,24.9500,25.2300,24.8250
2018/07/06,24.7900,51499.0000,24.9800,25.0300,24.7000
2018/07/05,24.9000,58982.0000,24.8500,24.9600,24.6900
2018/07/03,24.8300,50852.0000,24.8000,25.0100,24.7000
2018/07/02,24.6700,61095.0000,24.3200,24.7400,24.3200
2018/06/29,24.5500,95297.0000,24.7400,24.8300,24.4500
2018/06/28,24.7000,84529.0000,25.0200,25.0500,24.6500
2018/06/27,25.0400,71363.0000,24.8000,25.1100,24.5900
2018/06/26,24.7900,55405.0000,24.5800,24.8800,24.3850
2018/06/25,24.6600,76484.0000,24.5600,24.7400,24.4100
2018/06/22,24.7300,207595.0000,24.8500,24.9600,24.4700
2018/06/21,24.7900,85705.0000,24.7500,24.8400,24.5500
2018/06/20,24.7400,71616.0000,24.7700,24.9050,24.5800
2018/06/19,24.6900,48923.0000,24.5900,24.7300,24.4150
2018/06/18,24.6000,39383.0000,24.6400,24.7700,24.5450
2018/06/15,24.6400,81795.0000,24.5300,24.7000,24.4750
2018/06/14,24.5600,66231.0000,24.7900,24.7900,24.3950
2018/06/13,24.6900,67416.0000,25.0300,25.0460,24.6800
2018/06/12,25.0700,78566.0000,25.1700,25.1700,24.8000
2018/06/11,25.0700,59705.0000,25.1900,25.2800,25.0250
2018/06/08,25.1500,64849.0000,25.2200,25.3600,25.0200
2018/06/07,25.2000,81969.0000,25.3200,25.3700,24.9600
2018/06/06,25.2400,268036.0000,24.9000,25.3500,24.0800
2018/06/05,24.8400,97318.0000,24.5700,24.9399,24.4700
2018/06/04,24.6300,101351.0000,24.6300,24.7700,24.4245
2018/06/01,24.6000,89375.0000,25.2000,25.2000,24.5800
2018/05/31,25.1500,82355.0000,25.2900,25.3200,25.0510
2018/05/30,25.3600,93938.0000,25.2500,25.5800,25.0944
2018/05/29,25.0400,81111.0000,24.9900,25.4000,24.8900
2018/05/25,25.1600,83712.0000,25.0000,25.2700,25.0000
2018/05/24,25.0000,121786.0000,25.1000,25.1400,24.8450
2018/05/23,25.1700,76631.0000,25.3700,25.4400,25.0150
2018/05/22,25.3600,179171.0000,25.6600,25.6600,25.3500
2018/05/21,25.6300,108172.0000,25.5900,25.7600,25.3600
2018/05/18,25.5500,124322.0000,25.4000,25.6700,25.3300
2018/05/17,25.4800,79872.0000,25.5500,25.6400,25.3400
2018/05/16,25.5500,149580.0000,25.3600,25.6050,25.1800
2018/05/15,25.3300,97041.0000,25.4800,25.5600,25.3000
2018/05/14,25.5400,106336.0000,25.7000,25.7900,25.4700
2018/05/11,25.7000,90774.0000,25.3900,25.7200,25.3700
2018/05/10,25.5800,141269.0000,25.7100,25.7100,25.3600
2018/05/09,25.7300,93424.0000,25.8600,25.9800,25.7100
2018/05/08,25.8900,64445.0000,26.0200,26.1200,25.7600
2018/05/07,26.0600,58833.0000,26.0500,26.4850,25.7672
2018/05/04,26.0800,199008.0000,25.6900,26.1900,25.5800
2018/05/03,25.6800,712854.0000,26.1100,26.2400,25.6600
2018/05/02,26.2700,118165.0000,26.2400,26.4300,26.0400
2018/05/01,26.2700,164891.0000,26.0100,26.3200,25.4500
2018/04/30,26.0300,151544.0000,26.7700,26.9500,25.8900
2018/04/27,26.8500,173709.0000,26.6900,27.1800,26.6900
2018/04/26,26.6600,277862.0000,27.5400,27.6500,26.5600
2018/04/25,27.5700,308512.0000,28.3500,28.9600,27.1400
2018/04/24,28.5800,121615.0000,28.3600,28.9300,28.3500
2018/04/23,28.2300,77149.0000,28.4600,28.4700,28.1100
2018/04/20,28.4500,97431.0000,28.2500,28.5400,28.1600
2018/04/19,28.3200,35445.0000,28.3600,28.5100,28.2700
2018/04/18,28.4600,57452.0000,28.3200,28.5500,28.3200
2018/04/17,28.3000,125452.0000,28.2500,28.4000,28.1600
2018/04/16,28.1700,242681.0000,28.0000,28.2700,27.9250
2018/04/13,27.8400,153395.0000,27.7500,27.8400,27.5800
2018/04/12,27.6300,67989.0000,27.7900,27.7900,27.6100
2018/04/11,27.6500,67649.0000,27.8100,27.8800,27.4800
2018/04/10,27.8300,95834.0000,27.9800,28.0800,27.7600
2018/04/09,27.7800,60413.0000,27.9400,28.1100,27.7584
2018/04/06,27.7600,114663.0000,27.8300,28.2000,27.5400
2018/04/05,27.8900,92785.0000,27.7500,28.0600,27.5300
2018/04/04,27.6400,121571.0000,27.1800,27.7300,27.0600
2018/04/03,27.3500,291867.0000,27.4300,27.5000,27.0100
2018/04/02,27.2700,78302.0000,27.6100,27.8600,27.1000
2018/03/29,27.6600,89938.0000,27.7500,28.0700,27.5900
2018/03/28,27.6500,78714.0000,27.4600,27.7600,27.2700
2018/03/27,27.4900,64918.0000,27.6100,27.8900,27.3500
2018/03/26,27.6200,72845.0000,27.7400,27.7700,27.3200
2018/03/23,27.4400,143983.0000,27.8300,28.2522,27.4300
2018/03/22,27.8300,69583.0000,28.1100,28.2500,27.8000
2018/03/21,28.1800,61525.0000,28.2100,28.4700,28.1100
2018/03/20,28.1900,47211.0000,28.4800,28.7700,28.0900
2018/03/19,28.4200,64961.0000,28.4100,28.7200,28.1600
2018/03/16,28.4100,125084.0000,28.3500,28.5700,28.2100
2018/03/15,28.2900,237656.0000,28.3000,28.5400,28.0800
2018/03/14,28.3300,108618.0000,28.0800,28.4600,28.0100
2018/03/13,28.0100,108562.0000,28.3400,28.4900,27.9400
2018/03/12,28.2900,99621.0000,28.2900,28.4200,28.1200
2018/03/09,28.1000,149735.0000,28.1200,28.2650,28.0100
2018/03/08,28.0000,62476.0000,28.0200,28.1600,27.8700
2018/03/07,27.9700,57255.0000,27.9200,28.0500,27.7973
2018/03/06,28.0500,88951.0000,27.6700,28.1300,27.4500
2018/03/05,27.6900,90590.0000,27.8500,28.0400,27.5100
2018/03/02,27.8500,149200.0000,27.4100,28.1500,27.4100
2018/03/01,27.5600,184401.0000,27.1500,27.6400,27.1400
2018/02/28,27.2200,61670.0000,27.6500,27.7200,27.2100
2018/02/27,27.5700,70269.0000,27.9200,28.0300,27.5100
2018/02/26,27.8100,96557.0000,27.8000,27.8700,27.5500
2018/02/23,27.5100,47316.0000,27.3700,27.6200,27.2600
2018/02/22,27.3200,69326.0000,27.3900,27.5600,27.0800
2018/02/21,27.3500,51357.0000,27.5700,27.8250,27.3200
2018/02/20,27.5900,113583.0000,27.4900,27.7600,27.3100
2018/02/16,27.6400,211522.0000,26.4900,27.9000,26.4800
2018/02/15,26.2500,144455.0000,25.6200,26.5000,25.6200
2018/02/14,25.4300,81419.0000,25.3100,25.6800,25.3000
2018/02/13,25.5200,71128.0000,25.4600,25.8000,25.2600
2018/02/12,25.5500,75770.0000,25.6900,25.7700,25.3300
2018/02/09,25.7700,107429.0000,25.9600,25.9600,25.3000
2018/02/08,25.8400,84742.0000,26.3200,26.3200,25.8000
2018/02/07,26.2500,125635.0000,25.7600,26.3500,25.5500
2018/02/06,25.8600,169028.0000,25.2700,26.0550,25.1500
2018/02/05,25.6000,207844.0000,26.2300,26.5800,25.4800
2018/02/02,26.2900,81654.0000,26.4500,26.6000,26.1900
2018/02/01,26.4700,113076.0000,26.5100,26.7000,26.0800
2018/01/31,26.6300,316582.0000,26.8900,27.0000,26.2400
2018/01/30,26.8300,125732.0000,26.6900,26.9100,26.6600
2018/01/29,26.7600,435514.0000,27.0000,27.0100,26.7600
2018/01/26,26.9900,73622.0000,27.1000,27.6700,26.6150
2018/01/25,26.9800,191058.0000,27.1600,27.2500,26.7300
2018/01/24,27.1100,167889.0000,26.7700,27.2300,26.5600
2018/01/23,26.6100,53793.0000,26.3700,26.6500,25.9500
2018/01/22,26.3500,87045.0000,26.0800,26.3900,25.7850
2018/01/19,26.1100,175857.0000,26.0800,26.4800,25.7100
2018/01/18,26.1100,159672.0000,26.4500,26.5000,25.9700
2018/01/17,26.4400,162984.0000,26.8600,26.8600,26.1400
2018/01/16,26.7300,88923.0000,26.6600,27.1400,26.6500
2018/01/12,26.6000,135009.0000,26.4100,26.6000,26.3400
2018/01/11,26.4100,83223.0000,26.2200,26.5600,26.2200
2018/01/10,26.2200,98082.0000,26.0500,26.3200,26.0139
2018/01/09,26.1500,76438.0000,26.8000,26.8000,26.1100
2018/01/08,26.7100,110632.0000,26.4200,26.8100,26.2800
2018/01/05,26.4200,70084.0000,26.5200,26.6700,26.2700
2018/01/04,26.4600,130796.0000,26.4000,26.7100,26.2697
2018/01/03,26.2100,119481.0000,25.9600,26.3100,25.6400
2018/01/02,25.9600,105348.0000,25.7200,25.9800,25.5650
2017/12/29,25.7100,57700.0000,26.1300,26.1300,25.6900
2017/12/28,26.0800,61484.0000,25.6900,26.1700,25.6900
2017/12/27,25.6800,45098.0000,25.5900,25.8000,25.5900
2017/12/26,25.6500,39907.0000,25.7700,25.8400,25.6000
2017/12/22,25.7500,81357.0000,26.0700,26.1200,25.5300
2017/12/21,25.9000,91325.0000,26.1200,26.1200,25.8800
2017/12/20,26.0100,75250.0000,26.3500,26.3500,25.9000
2017/12/19,26.2700,125861.0000,26.3200,26.5000,26.1800
2017/12/18,26.2300,107452.0000,26.3800,26.4700,26.1400
2017/12/15,26.2100,199775.0000,25.8600,26.3200,25.8600
2017/12/14,25.8400,58253.0000,26.2900,26.2900,25.8250
2017/12/13,26.3000,70580.0000,26.2700,26.5400,26.1450
2017/12/12,26.3300,78681.0000,26.3600,26.4950,26.1950
2017/12/11,26.3400,80158.0000,26.6400,26.6600,26.2300
2017/12/08,26.6300,535765.0000,26.5300,26.7800,26.3400
2017/12/07,26.5200,80015.0000,26.4700,26.6700,26.2200
2017/12/06,26.4900,100428.0000,26.1000,26.5700,25.7100
2017/12/05,26.1200,78795.0000,25.9200,26.1900,25.7600
2017/12/04,25.9200,66355.0000,25.8900,26.0600,25.7100
2017/12/01,25.6700,87888.0000,25.7100,25.7900,25.2900
2017/11/30,25.6200,105795.0000,26.0100,26.0300,25.4800
2017/11/29,25.7900,139863.0000,25.2400,25.8550,24.8100
2017/11/28,25.2200,79204.0000,25.0300,25.2900,24.8800
2017/11/27,24.9300,69216.0000,24.7400,25.0600,24.7400
2017/11/24,24.7400,35717.0000,25.1100,25.1100,24.5700
2017/11/22,25.0100,39274.0000,25.1800,25.2000,24.9701
2017/11/21,25.0700,95534.0000,24.8600,25.0900,24.5500
2017/11/20,24.8000,61669.0000,24.9600,25.0600,24.7300
2017/11/17,24.9700,137143.0000,24.5600,25.0400,24.5500
2017/11/16,24.6800,134423.0000,24.4600,24.7800,24.4600
2017/11/15,24.6300,121038.0000,24.4600,24.8500,24.4600
2017/11/14,24.5700,52234.0000,24.5000,24.6900,24.4600
2017/11/13,24.6300,69262.0000,24.8500,25.2800,24.5400
2017/11/10,24.8900,55240.0000,25.0300,25.1000,24.8800
2017/11/09,25.0300,71461.0000,25.0300,25.2150,24.9400
2017/11/08,25.1500,62039.0000,25.3000,25.3600,25.0600
2017/11/07,25.4000,92813.0000,25.7600,25.8200,25.2600
2017/11/06,25.7000,57765.0000,25.6200,25.8400,25.5100
2017/11/03,25.7400,48905.0000,25.9400,26.0000,25.6600
2017/11/02,25.9400,77220.0000,25.8900,26.0600,25.8100
2017/11/01,25.7100,91658.0000,26.0000,26.0000,25.3700
2017/10/31,25.9000,71632.0000,25.4600,25.9500,25.3900
2017/10/30,25.4000,99881.0000,25.6100,25.9700,25.2200
2017/10/27,25.5800,97021.0000,25.9600,25.9600,25.4300
2017/10/26,25.9000,285638.0000,23.6000,25.9100,23.6000
2017/10/25,24.0100,150083.0000,24.3300,24.5300,23.9200
2017/10/24,24.5000,219636.0000,24.5500,24.8500,24.3200
2017/10/23,24.5000,127419.0000,24.6600,24.7400,24.2600
2017/10/20,24.7100,123466.0000,25.0900,25.1500,24.7000
2017/10/19,24.9900,77743.0000,24.9100,25.1700,24.8200
2017/10/18,24.9900,36870.0000,25.0700,25.2300,24.9700
2017/10/17,25.0000,98027.0000,25.4800,25.4800,24.9900
2017/10/16,25.4300,56905.0000,25.3000,25.5100,25.2500
2017/10/13,25.3200,52639.0000,25.4400,25.4900,25.2800
2017/10/12,25.4000,27813.0000,25.3000,25.5200,25.2700
2017/10/11,25.4000,33241.0000,25.7100,25.7100,25.3300
2017/10/10,25.6200,54557.0000,25.5500,25.6900,25.4000
2017/10/09,25.3700,47950.0000,25.4700,25.5400,25.2900
2017/10/06,25.5300,65362.0000,25.7900,25.9500,25.4700
2017/10/05,25.8400,155050.0000,25.9200,26.0800,25.8100
2017/10/04,25.9200,80504.0000,26.0000,26.1600,25.8700
2017/10/03,25.9300,72494.0000,25.8400,25.9300,25.5500
2017/10/02,25.7300,70917.0000,25.6200,25.8000,25.5500
2017/09/29,25.6000,60817.0000,25.8800,25.8800,25.5300
2017/09/28,25.9200,107388.0000,25.7200,26.0600,25.5300
2017/09/27,25.7400,111068.0000,25.5400,25.7800,25.2200
2017/09/26,25.4000,87435.0000,25.2800,25.5100,25.1900
2017/09/25,25.2200,198304.0000,25.0000,25.3000,24.9600
2017/09/22,24.9700,148468.0000,24.8600,25.1250,24.8600
2017/09/21,24.9000,187658.0000,24.5300,24.9800,24.5100
2017/09/20,24.5000,157408.0000,24.1900,24.7400,24.0400
2017/09/19,24.1700,123591.0000,24.1500,24.3800,24.1100
2017/09/18,24.2000,121451.0000,23.9500,24.3500,23.8900
2017/09/15,23.9200,316225.0000,24.0000,24.1925,23.8000
2017/09/14,23.9700,103260.0000,24.1300,24.4700,23.7800
2017/09/13,24.1500,125601.0000,23.8800,24.2700,23.8800
2017/09/12,23.9100,74083.0000,23.4500,24.1100,23.4500
2017/09/11,23.5000,99554.0000,23.3700,23.6650,23.3700
2017/09/08,23.3100,208770.0000,23.5500,23.8900,23.1500
2017/09/07,23.5700,177823.0000,24.0200,24.0600,23.5000
2017/09/06,23.9600,83705.0000,24.2100,24.3196,23.9000
2017/09/05,24.2100,95289.0000,24.2800,24.5000,24.0500
2017/09/01,24.3000,63405.0000,24.5100,24.5750,24.2900
2017/08/31,24.4900,223161.0000,24.2700,24.5400,24.2700
2017/08/30,24.2200,141832.0000,24.2700,24.4000,23.9100
2017/08/29,24.2700,107986.0000,24.2400,24.5200,24.1900
2017/08/28,24.3000,99513.0000,24.4200,24.5300,24.0800
2017/08/25,24.3900,99529.0000,24.2600,24.8000,24.2600
2017/08/24,24.3400,131688.0000,24.4100,24.9600,24.2200
2017/08/23,24.2800,126889.0000,24.1300,24.5100,23.7700
2017/08/22,24.3100,55896.0000,24.3600,24.5200,23.9600
2017/08/21,24.1100,43943.0000,24.1400,24.1600,23.9600
2017/08/18,24.1500,61264.0000,23.8300,24.3450,23.6700
2017/08/17,23.9200,59421.0000,24.0900,24.4000,23.9000
2017/08/16,24.1700,54602.0000,24.1100,24.5900,24.1100
2017/08/15,24.0700,116157.0000,24.5100,24.5100,24.0000
2017/08/14,24.4800,52859.0000,24.2700,24.6450,24.2700
2017/08/11,24.2200,122451.0000,24.8400,24.9100,24.1900
2017/08/10,24.3400,44678.0000,24.3900,24.5850,24.2700
2017/08/09,24.5200,78082.0000,24.2000,24.5500,23.7250
2017/08/08,24.3200,84394.0000,24.2200,24.8400,24.1000
2017/08/07,24.2400,100907.0000,24.6100,24.8000,24.1600
2017/08/04,24.6200,73303.0000,24.7600,24.8900,24.5500
2017/08/03,24.7700,62324.0000,24.8600,24.9700,24.6800
2017/08/02,24.8300,237192.0000,24.7700,24.8600,24.5700
2017/08/01,24.7100,90545.0000,24.5400,24.7300,24.3400
2017/07/31,24.3900,173416.0000,24.9000,25.0800,24.3700
2017/07/28,24.9100,455861.0000,24.0900,24.9400,23.5900
2017/07/27,24.2300,317972.0000,25.6000,26.0800,24.0701
2017/07/26,26.4900,67980.0000,26.8200,26.8200,26.4100
2017/07/25,26.8000,86849.0000,26.6000,27.0550,26.4689
2017/07/24,26.5400,303795.0000,26.3800,26.5900,26.2000
2017/07/21,26.3900,88429.0000,26.5400,26.6100,26.2300
2017/07/20,26.3500,41182.0000,26.3900,26.4500,26.1200
2017/07/19,26.3600,108033.0000,26.2200,26.5100,26.2100
2017/07/18,26.2300,127793.0000,26.6800,26.8800,26.1100
2017/07/17,26.6900,107817.0000,26.6900,27.0500,26.5400
2017/07/14,26.7000,62053.0000,26.8100,27.2100,26.4500
2017/07/13,26.8200,70065.0000,26.5300,26.8200,26.2737
2017/07/12,26.5300,68809.0000,26.5000,27.0450,26.4034
2017/07/11,26.3800,65647.0000,26.4200,26.5500,26.2000
2017/07/10,26.4300,52562.0000,26.8700,27.0181,26.3700
2017/07/07,26.8800,82217.0000,26.5900,26.9300,26.5900
2017/07/06,26.5700,85781.0000,26.9300,26.9300,26.5100
2017/07/05,26.9800,92663.0000,27.2100,27.4200,26.7100
2017/07/03,27.2200,26354.0000,27.0000,27.2600,27.0000
2017/06/30,26.9600,55768.0000,27.0000,27.0800,26.7600
2017/06/29,26.9900,53492.0000,26.7800,26.9900,26.6850
2017/06/28,26.8500,31061.0000,26.8800,26.9700,26.7600
2017/06/27,26.7900,41159.0000,26.6700,26.9561,26.6700
2017/06/26,26.8200,124806.0000,26.6400,26.9300,26.6100
2017/06/23,26.6300,185597.0000,26.6400,26.7100,26.4000
2017/06/22,26.5500,29699.0000,26.5900,26.7100,26.4200
2017/06/21,26.5600,81944.0000,26.7800,26.8400,26.4900
2017/06/20,26.7600,58305.0000,26.8000,27.1640,26.6100
2017/06/19,26.8800,83138.0000,26.9900,27.1400,26.8000
2017/06/16,26.9200,104702.0000,26.7700,27.0100,26.7700
2017/06/15,27.0000,88710.0000,26.6800,27.1200,26.6800
2017/06/14,26.8900,111190.0000,26.8800,27.0900,26.7400
2017/06/13,26.8900,127111.0000,26.7800,27.0400,26.6500
2017/06/12,26.7400,109921.0000,26.5300,26.8400,26.5300
2017/06/09,26.5600,83283.0000,26.3500,26.6900,26.3500
2017/06/08,26.4100,63529.0000,26.3600,26.5600,26.1400
2017/06/07,26.2300,52917.0000,26.4300,26.4300,26.1000
2017/06/06,26.5300,73201.0000,26.6700,26.6800,26.4350
2017/06/05,26.7300,54179.0000,26.9000,26.9300,26.5900
2017/06/02,26.9100,81057.0000,26.6300,27.3800,26.6300
2017/06/01,26.6300,64548.0000,26.4800,26.6500,26.2400
2017/05/31,26.2900,94799.0000,26.4300,26.4900,25.9300
2017/05/30,26.3200,150923.0000,26.2900,26.4400,25.9200
2017/05/26,26.2200,81126.0000,26.1000,26.3600,25.7800
2017/05/25,26.0900,50156.0000,26.2600,26.2800,25.9950
2017/05/24,26.1100,41000.0000,26.1300,26.2100,25.9100
2017/05/23,26.1300,51178.0000,26.2500,26.2500,25.9800
2017/05/22,26.1400,72679.0000,26.1000,26.2600,25.8900
2017/05/19,26.0800,112526.0000,25.6600,26.4200,25.5327
2017/05/18,25.6100,136455.0000,25.6200,25.8200,25.2700
2017/05/17,25.5600,107197.0000,25.8600,26.0000,25.4100
2017/05/16,26.1700,128650.0000,26.4500,26.5300,25.9800
2017/05/15,26.4900,107738.0000,26.8000,27.1400,26.4700
2017/05/12,26.7100,55988.0000,26.8500,27.0200,26.6900
2017/05/11,26.9700,54769.0000,27.0700,27.1600,26.6301
2017/05/10,27.2600,70300.0000,27.1700,27.5900,27.1150
2017/05/09,27.2600,73754.0000,27.1000,27.3999,26.9900
2017/05/08,26.9800,53227.0000,27.2400,27.2600,26.8600
2017/05/05,27.2500,93761.0000,27.4700,27.4700,26.9222
2017/05/04,27.2400,73622.0000,27.2900,27.3200,26.9700
2017/05/03,27.2600,113420.0000,27.5900,27.5900,27.1400
2017/05/02,27.5800,63887.0000,27.4700,28.0700,27.4100
2017/05/01,27.3200,40055.0000,27.3300,27.5600,27.1750
2017/04/28,27.3500,97058.0000,27.2700,27.7500,27.2400
2017/04/27,27.1600,228063.0000,28.1200,28.3900,27.0100
2017/04/26,28.8200,154127.0000,28.5700,28.9600,28.3200
2017/04/25,28.5800,66409.0000,28.4600,28.8200,28.3036
2017/04/24,28.1500,220252.0000,27.7600,28.1700,27.6400
2017/04/21,27.6400,69577.0000,27.5700,27.7100,27.4650
2017/04/20,27.5800,93240.0000,27.4700,27.6100,27.3300
2017/04/19,27.4100,43771.0000,27.5000,27.6000,27.2701
2017/04/18,27.4200,41472.0000,27.4100,27.4200,27.0800
2017/04/17,27.4900,56958.0000,27.0100,27.5100,27.0100
2017/04/13,27.0600,52324.0000,27.1500,27.3700,27.0000
2017/04/12,27.3000,105352.0000,27.7000,27.7350,27.2900
2017/04/11,27.7400,142523.0000,27.0300,27.7400,27.0200
2017/04/10,27.0900,78261.0000,26.9600,27.4500,26.9600
2017/04/07,26.8600,164667.0000,26.2200,27.1000,26.0600
2017/04/06,26.3200,125836.0000,26.2800,26.4800,26.0800
2017/04/05,26.3200,78144.0000,26.4900,26.6100,26.2600
2017/04/04,26.4100,74702.0000,26.8200,26.8200,26.2900
2017/04/03,26.7600,69802.0000,27.0400,27.1300,26.7200
2017/03/31,27.1200,109356.0000,27.0000,27.2200,26.9500
2017/03/30,27.0400,79228.0000,27.0800,27.3000,26.8500
2017/03/29,27.0800,77608.0000,26.9000,27.2000,26.7300
2017/03/28,26.9300,46019.0000,26.4500,26.9600,26.2800
2017/03/27,26.6000,78573.0000,26.7100,26.7500,26.3800
2017/03/24,26.8200,117154.0000,27.0900,27.3300,26.7400
2017/03/23,27.0600,144807.0000,26.6000,27.4400,26.6000
2017/03/22,26.6000,64666.0000,26.4800,26.7400,26.4100
2017/03/21,26.5400,90981.0000,27.1100,27.2600,26.4700
2017/03/20,27.0500,38338.0000,27.1600,27.1900,26.8600
2017/03/17,27.0600,92997.0000,26.7000,27.1500,26.6300
2017/03/16,26.6300,45040.0000,26.4900,26.6600,26.4600
2017/03/15,26.6200,53290.0000,26.3700,26.6700,26.3600
2017/03/14,26.3100,77972.0000,26.3700,26.5000,26.1800
2017/03/13,26.5600,43591.0000,26.4700,26.6200,26.0200
2017/03/10,26.4900,87236.0000,26.7000,26.9200,26.4000
2017/03/09,26.3200,99129.0000,26.1700,27.1200,26.0700
2017/03/08,26.0100,63503.0000,25.9900,26.1000,25.7700
2017/03/07,25.8400,45605.0000,25.7000,25.8800,25.5500
2017/03/06,25.8300,42649.0000,25.6800,25.8890,25.4400
2017/03/03,25.7800,70690.0000,25.7800,26.0650,25.4600
2017/03/02,25.7700,41788.0000,25.8300,25.9150,25.6601
2017/03/01,25.9000,56175.0000,26.0100,26.3829,25.8600
2017/02/28,25.7700,124472.0000,26.4200,26.4200,25.5700
2017/02/27,26.4100,135673.0000,26.5200,26.5900,26.3000
2017/02/24,26.5500,70404.0000,26.5400,26.7900,26.5400
2017/02/23,26.7600,43444.0000,27.1300,27.2000,26.6350
2017/02/22,26.9900,27214.0000,27.1500,27.4100,26.8300
2017/02/21,27.2600,79544.0000,26.6500,27.3000,26.6500
2017/02/17,26.5200,69270.0000,26.6000,26.8000,26.5000
2017/02/16,26.8200,401350.0000,26.3600,27.9800,26.3600
2017/02/15,27.6700,160962.0000,27.4000,27.8199,27.2600
2017/02/14,27.5000,334941.0000,26.6500,28.2800,26.6500
2017/02/13,26.6000,87384.0000,26.8000,26.9500,26.2601
2017/02/10,26.6000,43919.0000,26.5400,26.7900,26.3600
2017/02/09,26.3600,48590.0000,26.4100,26.6250,26.2900
2017/02/08,26.4000,53384.0000,26.3600,26.5100,26.1500
2017/02/07,26.4700,44597.0000,26.6500,26.8900,26.3600
2017/02/06,26.6100,97928.0000,26.1500,26.6400,26.1500
2017/02/03,26.4700,53340.0000,26.1800,26.5000,26.0400
2017/02/02,26.0100,93848.0000,26.0000,26.1100,25.5500
2017/02/01,26.0700,160559.0000,26.1100,26.4300,25.8500
2017/01/31,25.9500,221884.0000,26.2500,26.2500,25.9300
2017/01/30,26.2300,121682.0000,26.5100,26.5100,26.1800
2017/01/27,26.5200,64760.0000,26.6000,26.7200,26.4600
2017/01/26,26.6200,65138.0000,26.8700,27.0100,26.6150
2017/01/25,26.8500,29021.0000,26.9700,27.0900,26.8100
2017/01/24,26.8900,52158.0000,26.7600,27.0300,26.5600
2017/01/23,26.6000,71757.0000,26.9000,26.9600,26.4800
2017/01/20,26.9900,61936.0000,26.9300,27.1300,26.9300
2017/01/19,26.9600,62730.0000,27.2000,27.5000,26.9300
2017/01/18,27.2700,62604.0000,27.3000,27.3700,27.0400
2017/01/17,27.2900,60936.0000,27.3300,27.4600,27.0600
2017/01/13,27.3800,176736.0000,27.1800,27.4400,27.0300
2017/01/12,27.2500,64011.0000,27.7100,27.7100,27.1400
2017/01/11,27.6700,68483.0000,27.5400,27.7500,27.0600
2017/01/10,27.5100,110321.0000,27.4400,27.6500,27.3200
2017/01/09,27.5200,79945.0000,28.0400,28.2400,27.5200
2017/01/06,28.1700,130218.0000,28.3200,28.6700,28.0600
2017/01/05,28.2800,93403.0000,28.4500,28.7600,28.0000
2017/01/04,28.5000,130129.0000,28.6600,28.8800,28.2601
2017/01/03,28.5300,107890.0000,28.8600,28.8600,28.2500
2016/12/30,28.6400,56056.0000,28.7200,28.8300,28.4600
2016/12/29,28.7700,44495.0000,28.7000,28.9600,28.6500
2016/12/28,28.7200,30714.0000,28.8700,29.1000,28.6500
2016/12/27,28.9300,83039.0000,28.6200,29.1100,28.6200
2016/12/23,28.6900,29225.0000,28.8200,29.0400,28.5800
2016/12/22,28.7700,55059.0000,28.7200,28.8500,28.4600
2016/12/21,28.8400,50942.0000,28.9000,29.0900,28.8400
2016/12/20,28.9100,79738.0000,28.8800,29.0600,28.6200
2016/12/19,28.7300,81402.0000,29.0000,29.0600,28.5600
2016/12/16,28.8600,335430.0000,28.7500,28.9800,28.7350
2016/12/15,28.6200,110752.0000,28.4700,28.8100,28.2900
2016/12/14,28.5300,108811.0000,28.6200,28.8300,28.3250
2016/12/13,28.6600,95349.0000,28.8000,28.8600,28.5400
2016/12/12,28.8000,140594.0000,28.6500,28.8400,28.5500
2016/12/09,28.7800,95695.0000,28.8600,28.8600,28.6000
2016/12/08,28.7800,79949.0000,28.5900,28.8100,28.3700
2016/12/07,28.5900,116682.0000,28.1500,28.8400,28.1245
2016/12/06,28.1800,189108.0000,27.7800,28.1900,27.6500
2016/12/05,27.7900,83944.0000,27.7100,27.9500,27.6000
2016/12/02,27.5000,60494.0000,27.2700,27.5700,26.9500
2016/12/01,27.2900,111912.0000,27.1400,27.5450,27.1000
2016/11/30,27.1400,89661.0000,27.2300,27.6300,27.0089
2016/11/29,27.3700,60234.0000,27.6000,27.7800,27.2900
2016/11/28,27.4900,126051.0000,26.9300,27.6200,26.8700
2016/11/25,26.9900,48781.0000,26.9100,27.1300,26.9100
2016/11/23,27.0200,146282.0000,26.7500,27.1000,26.6005
2016/11/22,26.7300,53312.0000,26.5700,26.7900,26.5000
2016/11/21,26.5000,48355.0000,26.5000,26.6000,26.3700
2016/11/18,26.4200,72202.0000,26.1600,26.4400,25.9700
2016/11/17,26.1100,285614.0000,25.8500,26.2400,25.7300
2016/11/16,25.8100,180310.0000,25.7700,25.9100,25.3800
2016/11/15,25.4200,91295.0000,25.4500,25.5900,25.2010
2016/11/14,25.4000,148580.0000,25.9100,25.9800,25.3800
2016/11/11,25.5400,242595.0000,24.3900,25.8100,24.3900
2016/11/10,24.3800,176457.0000,25.0000,25.4550,24.2500
2016/11/09,24.8900,170208.0000,23.9500,24.9000,23.5900
2016/11/08,24.2600,190988.0000,23.8400,24.4100,23.7300
2016/11/07,23.7200,101732.0000,23.7200,24.0900,23.5800
2016/11/04,23.4800,98587.0000,23.5700,23.6400,23.4200
2016/11/03,23.4100,82621.0000,23.4800,23.8600,23.3800
2016/11/02,23.4900,123995.0000,23.4400,23.8600,23.4201
2016/11/01,23.4400,144944.0000,23.6700,23.8400,23.3600
2016/10/31,23.6400,118669.0000,23.6000,23.7699,23.4400
2016/10/28,23.5700,131610.0000,23.8700,24.2500,23.4300
2016/10/27,24.0200,136744.0000,24.3400,24.3400,23.8600
2016/10/26,24.1700,185932.0000,25.2500,25.2900,24.1700
2016/10/25,24.2600,38732.0000,24.2400,24.3700,24.1600
2016/10/24,24.2900,33201.0000,24.3600,24.6600,24.2000
2016/10/21,24.2100,172702.0000,24.1800,24.4000,23.8700
2016/10/20,24.3500,80313.0000,24.3600,24.5000,24.0100
2016/10/19,24.5000,91566.0000,23.9600,24.5500,23.7900
2016/10/18,23.9200,59752.0000,24.0400,24.4100,23.8000
2016/10/17,23.9000,130589.0000,23.5700,24.1600,23.5600
2016/10/14,23.5600,68333.0000,23.4300,23.6900,23.2700
2016/10/13,23.3800,47614.0000,23.3400,23.6600,23.2200
2016/10/12,23.4700,45555.0000,23.3100,23.5700,23.1900
2016/10/11,23.2700,58656.0000,23.3900,23.4700,23.1100
2016/10/10,23.4700,37904.0000,23.3700,23.5300,23.3700
2016/10/07,23.2100,59080.0000,23.1530,23.3500,23.0600
2016/10/06,23.4200,31026.0000,23.3600,23.4800,23.2900
2016/10/05,23.4600,29984.0000,23.5900,23.6800,23.3200
2016/10/04,23.5800,76369.0000,23.6200,23.7600,23.3900
2016/10/03,23.6300,37663.0000,23.6800,23.8100,23.5450
2016/09/30,23.6500,131474.0000,23.7400,23.8400,23.6200
2016/09/29,23.6000,41422.0000,23.8300,23.8500,23.5100
2016/09/28,23.7500,24263.0000,23.6000,23.7900,23.5000
2016/09/27,23.6400,40634.0000,23.5500,23.7500,23.5200
2016/09/26,23.6300,30054.0000,23.9400,24.0000,23.4700
2016/09/23,24.0500,56837.0000,24.1300,24.2200,23.8800
2016/09/22,24.1000,56675.0000,23.4900,24.1800,23.4900
2016/09/21,23.3800,70925.0000,23.2100,23.5800,23.0250
2016/09/20,23.0700,35429.0000,23.1700,23.2640,22.9800
2016/09/19,23.1200,34257.0000,23.2200,23.2700,22.9600
2016/09/16,23.1600,83309.0000,22.9600,23.2100,22.9600
2016/09/15,23.0100,43258.0000,22.7000,23.2500,22.5300
2016/09/14,22.6900,33891.0000,22.8100,22.8800,22.6600
2016/09/13,22.8100,59871.0000,22.7500,22.8900,22.5300
2016/09/12,22.8500,109145.0000,22.9000,22.9500,22.7400
2016/09/09,23.0300,115901.0000,23.5300,23.5300,23.0200
2016/09/08,23.6000,32717.0000,23.8000,23.8300,23.5500
2016/09/07,23.8500,143635.0000,23.6900,23.8900,23.6900
2016/09/06,23.6800,43577.0000,23.7800,23.7900,23.4300
2016/09/02,23.8400,31333.0000,23.4500,23.9300,23.4100
2016/09/01,23.4200,49547.0000,23.4500,23.4800,23.2600
2016/08/31,23.4400,40220.0000,23.5600,23.6500,23.3500
2016/08/30,23.6400,64525.0000,23.5800,23.7200,23.4900
2016/08/29,23.4400,38525.0000,23.4900,23.6500,23.3800
2016/08/26,23.4900,32729.0000,23.7400,23.9100,23.4000
2016/08/25,23.7600,73898.0000,23.6300,23.8100,23.4356
2016/08/24,23.6500,95324.0000,23.7600,23.7900,23.5500
2016/08/23,23.8700,32438.0000,23.5701,23.9500,23.5701
2016/08/22,23.6000,276381.0000,23.6200,23.7400,23.5000
2016/08/19,23.7200,204855.0000,23.7300,23.8000,23.3800
2016/08/18,23.7400,39342.0000,23.5400,23.8825,23.5400
2016/08/17,23.6300,55997.0000,23.7400,23.7500,23.5200
2016/08/16,23.7700,69364.0000,23.8800,24.0900,23.5800
2016/08/15,23.9000,79144.0000,23.8100,24.0900,23.6700
2016/08/12,23.7500,94279.0000,23.3200,23.7950,23.3200
2016/08/11,23.4500,82456.0000,23.4900,23.7100,23.3600
2016/08/10,23.4000,42724.0000,23.6500,23.9400,23.3000
2016/08/09,23.5500,65595.0000,23.9900,24.0400,23.5400
2016/08/08,23.9700,106135.0000,23.6700,24.1200,23.6500
2016/08/05,23.7000,48308.0000,23.4600,23.7700,23.4600
2016/08/04,23.3200,49594.0000,23.5100,23.5400,23.2300
2016/08/03,23.5400,89742.0000,23.3700,23.6000,23.2782
2016/08/02,23.3700,58363.0000,23.6400,23.7500,23.3200
2016/08/01,23.6600,145312.0000,24.4300,24.4300,23.5500
2016/07/29,24.3100,53826.0000,24.4200,24.6700,24.2900
2016/07/28,24.4800,150377.0000,24.2900,24.5000,24.1100
2016/07/27,24.3600,63874.0000,24.1800,24.5300,24.1100
2016/07/26,24.6700,66189.0000,24.7100,24.8650,24.5000
2016/07/25,24.6700,33434.0000,24.7800,24.7800,24.5300
2016/07/22,24.8900,51983.0000,24.4700,24.9700,24.4500
2016/07/21,24.4300,165625.0000,24.0800,24.4800,24.0800
2016/07/20,24.1900,36739.0000,24.1800,24.3150,24.0800
2016/07/19,24.1500,85135.0000,24.4000,24.4400,24.0400
2016/07/18,24.3700,47741.0000,24.4100,24.5750,24.1900
2016/07/15,24.3200,94904.0000,24.4400,24.4750,24.1400
2016/07/14,24.3200,56295.0000,24.6000,24.7000,24.2500
2016/07/13,24.3700,100144.0000,24.2000,24.6100,23.8100
2016/07/12,24.1600,55514.0000,24.3800,24.3800,24.1500
2016/07/11,24.2600,60318.0000,24.1700,24.3400,24.1300
2016/07/08,24.0500,105301.0000,23.7800,24.1700,23.6400
2016/07/07,23.6600,162414.0000,23.4600,23.7000,23.2900
2016/07/06,23.4700,59774.0000,22.9600,23.5200,22.9600
2016/07/05,23.0300,93099.0000,23.1400,23.1600,22.9500
2016/07/01,23.2800,51307.0000,23.6300,23.6300,23.1200
2016/06/30,23.6800,117566.0000,22.8400,23.7100,22.7700
2016/06/29,22.8100,62721.0000,22.5100,22.8600,22.5100
2016/06/28,22.2700,79946.0000,22.1900,22.4500,22.0400
2016/06/27,22.0100,102907.0000,22.3400,22.3850,21.9700
2016/06/24,22.6200,447374.0000,22.1700,22.6500,22.1100
2016/06/23,22.8500,53609.0000,22.6500,22.9000,22.6300
2016/06/22,22.5300,70107.0000,22.7800,22.7800,22.3700
2016/06/21,22.7000,89171.0000,22.7700,22.8400,22.4000
2016/06/20,22.4800,40496.0000,22.5300,22.7800,22.4800
2016/06/17,22.3700,200614.0000,22.7900,22.8000,22.3000
2016/06/16,22.8200,63279.0000,22.6900,22.9014,22.4100
2016/06/15,22.7200,58013.0000,22.6700,22.9600,22.6450
2016/06/14,22.6500,58792.0000,22.6200,22.9100,22.5800
2016/06/13,22.6800,50215.0000,23.0000,23.0600,22.5700
2016/06/10,23.0500,43569.0000,23.2600,23.3900,22.9500
2016/06/09,23.3000,43030.0000,23.3800,23.4500,23.1700
2016/06/08,23.4000,34049.0000,23.4000,23.5400,23.2600
2016/06/07,23.3900,26048.0000,23.5050,23.5500,23.2700
2016/06/06,23.4600,37280.0000,23.3500,23.5800,23.2200
2016/06/03,23.4000,32951.0000,23.6400,23.7300,23.3500
2016/06/02,23.7900,63416.0000,23.7600,23.8800,23.6700
2016/06/01,23.6500,61763.0000,23.4000,23.6700,23.3200
2016/05/31,23.5400,82595.0000,23.3100,23.7400,23.1800
2016/05/27,23.2100,290528.0000,22.8500,23.3200,22.8500
2016/05/26,22.9000,59760.0000,23.0600,23.1100,22.8600
2016/05/25,22.9900,59498.0000,23.2300,23.3850,22.9600
2016/05/24,23.2500,306955.0000,23.1300,23.3800,22.6800
2016/05/23,23.0000,66111.0000,23.2900,23.3400,22.9600
2016/05/20,23.3500,47219.0000,23.1700,23.5700,23.0800
2016/05/19,23.1100,67658.0000,23.2500,23.2500,22.8300
2016/05/18,23.2800,63766.0000,23.3200,23.4400,23.1200
2016/05/17,23.3500,290413.0000,23.5200,23.9900,23.2600
2016/05/16,23.5800,80537.0000,23.5000,23.8000,23.3876
2016/05/13,23.5300,38400.0000,23.4500,23.6900,23.3900
2016/05/12,23.5600,72056.0000,23.5000,23.8600,23.3100
2016/05/11,23.4900,58653.0000,23.6900,23.7800,23.3100
2016/05/10,23.7300,42625.0000,23.8600,24.0800,23.6600
2016/05/09,23.8400,94112.0000,23.6300,23.9400,23.4900
2016/05/06,23.7100,51433.0000,23.4200,23.8200,23.3650
2016/05/05,23.4700,101201.0000,23.7400,23.7900,23.4700
2016/05/04,23.6500,86233.0000,23.6400,24.0300,23.6000
2016/05/03,23.7600,231032.0000,23.8900,23.9400,23.3700
2016/05/02,24.2000,162040.0000,24.5500,24.5500,24.0100
2016/04/29,24.4300,63302.0000,24.7300,24.7600,24.4300
2016/04/28,24.8500,113645.0000,24.5300,24.8800,24.5300
2016/04/27,24.7000,156037.0000,24.2300,24.9400,24.2300
2016/04/26,24.3100,363076.0000,24.0000,24.6000,23.4800
2016/04/25,23.7300,117471.0000,23.3000,23.8500,23.1701
2016/04/22,23.3600,358633.0000,23.0000,23.7500,22.7400
2016/04/21,22.2100,57316.0000,22.1100,22.4100,22.0500
2016/04/20,22.1700,89515.0000,22.2300,22.4600,21.9755
2016/04/19,22.3200,65387.0000,22.2400,22.4700,22.0600
2016/04/18,22.2700,175027.0000,21.7100,22.2700,21.6700
2016/04/15,21.8500,244815.0000,22.1200,22.2000,21.7000
2016/04/14,22.2400,37990.0000,22.3500,22.3800,22.1900
2016/04/13,22.3100,86562.0000,22.1000,22.3900,21.9600
2016/04/12,22.0500,196817.0000,21.5300,22.2400,21.3200
2016/04/11,21.5400,131680.0000,21.6300,21.9500,21.4700
2016/04/08,21.5300,71433.0000,21.4600,21.5999,21.3350
2016/04/07,21.3800,55859.0000,21.4500,21.6699,21.2500
2016/04/06,21.6000,54575.0000,21.6200,21.7100,21.3600
2016/04/05,21.6600,113914.0000,21.7600,21.9199,21.5500
2016/04/04,21.8600,123121.0000,21.7200,21.9400,21.4500
2016/04/01,21.7000,85084.0000,21.5200,21.7400,21.3400
2016/03/31,21.6100,78351.0000,21.2900,21.7200,21.2900
2016/03/30,21.3400,170665.0000,21.1800,21.4700,21.1100
2016/03/29,21.1600,132582.0000,20.7300,21.1700,20.7300
2016/03/28,20.8000,49444.0000,20.6900,20.9000,20.5700
2016/03/24,20.6700,182959.0000,20.6900,20.8300,20.4000
2016/03/23,20.7600,65843.0000,20.7800,20.8500,20.6900
2016/03/22,20.8700,72784.0000,20.8500,20.9600,20.5600
2016/03/21,21.0100,96882.0000,20.8400,21.0200,20.5500
2016/03/18,20.9700,134250.0000,20.6100,21.1500,20.5100
2016/03/17,20.4700,55117.0000,20.3900,20.6000,20.1800
2016/03/16,20.4400,75847.0000,20.2500,20.5600,20.2500
2016/03/15,20.3500,108641.0000,20.5400,20.5700,20.2000
2016/03/14,20.5900,60689.0000,20.8000,20.8300,20.4500
2016/03/11,20.8000,46086.0000,20.5200,20.8400,20.4700
2016/03/10,20.4100,56976.0000,20.7400,20.8300,20.2200
2016/03/09,20.5500,92870.0000,20.3500,20.6200,20.2400
2016/03/08,20.3200,172150.0000,20.5300,20.5300,20.2000
2016/03/07,20.5700,113617.0000,20.7400,20.9900,20.2900
2016/03/04,20.8000,105468.0000,20.7800,21.0100,20.5400
2016/03/03,20.7800,68701.0000,20.7700,21.0100,20.5100
2016/03/02,20.8300,106141.0000,20.5600,20.8300,20.3500
2016/03/01,20.7100,46914.0000,20.6500,20.7100,20.2701
2016/02/29,20.6100,75618.0000,20.5800,20.9000,20.5250
2016/02/26,20.6900,80247.0000,20.9600,21.2180,20.4800
2016/02/25,20.9500,181196.0000,20.2700,21.4000,20.2700
2016/02/24,20.0800,228461.0000,19.8000,20.0900,19.0300
2016/02/23,20.0600,142786.0000,20.6800,20.8800,20.0000
2016/02/22,20.8300,84308.0000,21.2100,21.4797,20.7300
2016/02/19,21.0700,59152.0000,20.4900,21.1700,20.4200
2016/02/18,20.5600,238545.0000,20.8700,21.0000,20.3900
2016/02/17,20.9600,153017.0000,20.3200,22.2500,20.3200
2016/02/16,20.6000,122191.0000,20.6400,20.7600,20.3400
2016/02/12,20.4100,66944.0000,20.8200,20.8200,20.3200
2016/02/11,20.7500,142616.0000,20.1600,21.0000,19.8800
2016/02/10,20.4200,61927.0000,20.7300,21.0800,20.3800
2016/02/09,20.6600,36912.0000,20.7800,21.2100,20.5400
2016/02/08,20.9000,77204.0000,20.7300,21.1100,20.2500
2016/02/05,20.9000,92879.0000,21.3000,21.4400,20.8200
2016/02/04,21.3100,171835.0000,21.9400,22.0700,21.2000
2016/02/03,22.0000,108455.0000,22.2800,22.2800,21.3200
2016/02/02,22.0800,151030.0000,22.3400,22.5300,21.9100
2016/02/01,22.4800,94112.0000,22.3100,22.7400,22.1300
2016/01/29,22.1900,126895.0000,22.2400,22.4300,22.0000
2016/01/28,22.0800,57843.0000,22.0400,22.2500,21.8400
2016/01/27,21.9100,67388.0000,21.9800,22.3200,21.7100
2016/01/26,21.9900,61570.0000,21.9900,22.1500,21.8300
2016/01/25,21.9900,71880.0000,22.0800,22.2100,21.8300
2016/01/22,22.1200,155406.0000,22.3300,22.5200,21.8900
2016/01/21,22.0500,92842.0000,22.3400,22.6400,22.0000
2016/01/20,22.3500,100053.0000,21.6300,22.5100,21.1301
2016/01/19,21.9400,61180.0000,22.4500,22.4800,21.7000
2016/01/15,22.2000,129918.0000,21.9900,22.4300,21.8201
2016/01/14,22.5000,76480.0000,22.3500,22.6300,21.9600
2016/01/13,22.2100,271138.0000,22.5700,22.7600,21.9100
2016/01/12,22.5800,144395.0000,22.5400,22.7600,22.1301
2016/01/11,22.4600,90672.0000,22.6700,22.8100,22.3500
2016/01/08,22.5900,120962.0000,22.9100,23.1100,22.4200
2016/01/07,22.8200,75600.0000,22.9600,23.2100,22.5600
2016/01/06,23.3700,51588.0000,23.2500,23.4500,23.1700
2016/01/05,23.4900,131089.0000,23.4200,23.6100,23.0700
2016/01/04,23.4300,93623.0000,23.8500,23.8500,23.2400
2015/12/31,24.1000,163158.0000,24.2700,24.5000,23.7300
2015/12/30,24.1900,63002.0000,24.6800,24.7732,24.0000
2015/12/29,24.6900,61884.0000,24.4800,24.9200,24.1600
2015/12/28,24.2700,58255.0000,24.3600,24.4100,23.8800
2015/12/24,24.4000,26849.0000,24.6700,24.8500,24.3000
2015/12/23,24.7000,93360.0000,24.4000,24.7200,24.3500
2015/12/22,24.3200,57099.0000,24.2900,24.4100,24.0101
2015/12/21,24.2100,53618.0000,24.4800,24.7650,24.0800
2015/12/18,24.3700,233894.0000,24.2400,24.5300,24.1000
2015/12/17,24.3900,63631.0000,24.5100,24.8100,24.2300
2015/12/16,24.4200,75074.0000,24.4300,24.5800,24.1100
2015/12/15,24.3400,86656.0000,24.3800,24.5290,24.1400
2015/12/14,24.2500,161397.0000,23.9200,24.5400,23.8400
2015/12/11,23.9600,111576.0000,24.0000,24.1400,23.6600
2015/12/10,24.2800,53187.0000,24.4200,24.6300,24.2300
2015/12/09,24.3600,123213.0000,24.7500,25.0000,24.3500
2015/12/08,24.7700,61362.0000,24.9800,25.1899,24.7300
2015/12/07,25.2300,82273.0000,25.5900,25.6900,25.0600
2015/12/04,25.5900,143365.0000,24.6800,25.7800,24.6600
2015/12/03,24.6700,165207.0000,25.5600,25.7900,24.6300
2015/12/02,25.5600,202075.0000,24.8400,25.9600,24.8400
2015/12/01,24.8400,108137.0000,24.9300,24.9300,24.5800
2015/11/30,24.6900,144609.0000,24.9300,25.0200,24.6500
2015/11/27,24.7900,85084.0000,24.9600,25.1300,24.7300
2015/11/25,24.9400,90660.0000,24.9100,25.1700,24.8900
2015/11/24,24.8700,194926.0000,24.3800,25.1700,24.1250
2015/11/23,24.5000,278979.0000,23.9700,24.7500,23.8800
2015/11/20,24.0900,129241.0000,24.0900,24.3700,23.9800
2015/11/19,23.9500,126825.0000,24.8700,24.8700,23.8700
2015/11/18,24.8800,201507.0000,24.3200,24.9600,24.2700
2015/11/17,24.4000,221135.0000,23.7200,24.5100,23.6200
2015/11/16,23.7200,82348.0000,23.5000,23.7800,23.2300
2015/11/13,23.6200,115276.0000,23.0400,23.8150,22.8800
2015/11/12,23.1500,159210.0000,23.6100,23.6300,23.1400
2015/11/11,23.8000,188818.0000,23.8300,24.1200,23.5000
2015/11/10,23.4500,239156.0000,23.3500,23.5900,23.2700
2015/11/09,23.3500,167615.0000,24.1300,24.1300,23.1000
2015/11/06,24.1300,170591.0000,23.0000,24.1700,22.7000
2015/11/05,22.9400,176892.0000,22.0400,22.9600,21.9500
2015/11/04,21.9800,118266.0000,21.3000,22.1600,21.0100
2015/11/03,21.4600,186334.0000,21.5500,21.6800,21.4200
2015/11/02,21.6000,185587.0000,21.4900,21.7500,21.4000
2015/10/30,21.5100,121130.0000,21.4600,21.6800,21.2500
2015/10/29,21.5400,126622.0000,22.0300,22.1510,21.3900
2015/10/28,22.2100,90046.0000,21.4600,22.2700,21.3800
2015/10/27,21.4300,61489.0000,21.7100,21.8400,21.2700
2015/10/26,21.8500,48491.0000,22.0000,22.0600,21.7600
2015/10/23,21.9900,172245.0000,21.9400,22.1700,21.6450
2015/10/22,21.8300,92026.0000,22.1200,22.1300,21.6400
2015/10/21,22.0600,146175.0000,22.2600,22.3200,21.9800
2015/10/20,22.2500,75277.0000,21.9500,22.3600,21.8800
2015/10/19,22.0300,80568.0000,21.7800,22.1100,21.7700
2015/10/16,21.9200,62497.0000,22.3000,22.3700,21.7600
2015/10/15,22.2100,122758.0000,22.0200,22.2400,21.4000
2015/10/14,21.9900,152131.0000,21.8700,22.0700,21.5950
2015/10/13,21.9400,128392.0000,21.5100,22.1920,21.5100
2015/10/12,21.6900,28817.0000,21.4200,21.7500,21.4100
2015/10/09,21.4600,79251.0000,21.2600,21.5400,21.2400
2015/10/08,21.2000,91018.0000,21.1200,21.2400,21.0900
2015/10/07,21.2000,201553.0000,21.2500,21.5500,21.0500
2015/10/06,21.2300,142025.0000,21.7400,21.7400,21.0200
2015/10/05,21.8500,69091.0000,21.6900,21.9300,21.5300
2015/10/02,21.5900,47601.0000,21.5600,21.7100,21.3000
2015/10/01,21.6500,53122.0000,21.6500,21.8000,21.2600
2015/09/30,21.5900,184837.0000,21.0000,21.8300,21.0000
2015/09/29,20.8900,246097.0000,20.8500,21.2900,20.5900
2015/09/28,20.6700,101419.0000,20.8000,21.0000,20.6000
2015/09/25,20.7900,159549.0000,21.1900,21.4250,20.7100
2015/09/24,21.0500,69666.0000,21.1500,21.2800,20.9800
2015/09/23,21.2100,191020.0000,21.4200,21.7100,20.9200
2015/09/22,21.4000,177497.0000,21.4900,21.6600,21.2700
2015/09/21,21.7400,114437.0000,21.6400,21.9500,21.4200
2015/09/18,21.6200,188535.0000,22.0300,22.2300,21.5300
2015/09/17,22.2800,85112.0000,22.1700,22.7000,22.1200
2015/09/16,22.1600,47173.0000,22.3600,22.4700,22.1000
2015/09/15,22.2700,42766.0000,22.4500,22.5800,22.1600
2015/09/14,22.4300,105591.0000,22.7600,22.8000,22.2000
2015/09/11,22.7800,78073.0000,22.4500,22.9200,22.2700
2015/09/10,22.6100,30425.0000,22.6300,22.9700,22.5400
2015/09/09,22.6800,63523.0000,23.1500,23.1500,22.6300
2015/09/08,23.0000,86130.0000,22.9200,23.2300,22.7600
2015/09/04,22.6400,132510.0000,22.1800,22.8100,22.1800
2015/09/03,22.4400,133938.0000,22.2800,22.9200,22.2000
2015/09/02,22.1900,260523.0000,22.2200,22.2200,22.0000
2015/09/01,21.9600,210685.0000,22.6500,22.7500,21.8750
2015/08/31,22.9500,217021.0000,23.0000,23.6200,22.7500
2015/08/28,23.2400,240996.0000,22.8400,23.2900,22.6800
2015/08/27,22.9600,614021.0000,22.3100,22.9900,22.3100
2015/08/26,22.2300,211214.0000,22.4700,22.8400,21.8200
2015/08/25,22.1100,153473.0000,22.1900,22.8000,21.9900
2015/08/24,21.7100,233037.0000,22.4300,22.9900,21.7100
2015/08/21,23.3400,171785.0000,23.0100,23.7500,23.0100
2015/08/20,23.4500,114224.0000,23.5200,23.9000,23.4300
2015/08/19,23.5400,85561.0000,23.5900,24.0000,23.3200
2015/08/18,23.7400,74439.0000,23.6700,24.1000,23.3300
2015/08/17,23.8000,96187.0000,23.3100,24.0700,23.1900
2015/08/14,23.4200,126845.0000,23.3400,23.8000,23.2800
2015/08/13,23.4200,157319.0000,23.6000,23.8800,23.3525
2015/08/12,23.4500,86541.0000,23.5000,23.7300,23.2300
2015/08/11,23.6800,98689.0000,23.1900,23.8700,23.1600
2015/08/10,23.3400,168138.0000,23.0700,23.3800,22.7700
2015/08/07,22.7300,160863.0000,22.8900,23.5900,22.6700
2015/08/06,22.8100,126691.0000,22.6400,23.1100,21.9700
2015/08/05,22.6500,594866.0000,22.9000,23.4200,20.0300
2015/08/04,23.2500,72015.0000,23.4300,23.4300,23.1300
2015/08/03,23.4200,66049.0000,24.0800,24.0800,23.2950
2015/07/31,24.0300,59966.0000,23.7100,24.2600,23.4800
2015/07/30,23.6200,63126.0000,23.5800,23.8100,23.4500
2015/07/29,23.6900,85895.0000,23.3800,23.7800,23.2400
2015/07/28,23.3700,51597.0000,23.7200,23.7200,23.3000
2015/07/27,23.6400,47990.0000,23.8000,24.0000,23.5100
2015/07/24,23.8400,73837.0000,24.2000,24.4600,23.7700
2015/07/23,24.2500,100499.0000,24.5100,24.5200,23.9500
2015/07/22,24.5000,98640.0000,23.6000,24.5700,23.5899
2015/07/21,23.6800,117231.0000,23.5800,23.9090,23.4500
2015/07/20,23.5800,161480.0000,23.5300,23.9700,23.5300
2015/07/17,23.6700,41702.0000,23.6800,23.9300,23.5103
2015/07/16,23.6300,76083.0000,23.6400,23.9100,23.5400
2015/07/15,23.5300,54559.0000,23.8000,23.9100,23.5000
2015/07/14,23.8500,56717.0000,23.5300,23.9900,23.5100
2015/07/13,23.5900,140336.0000,23.4000,23.7000,23.2300
2015/07/10,23.2900,132071.0000,23.5900,24.0000,23.0900
2015/07/09,23.3500,47836.0000,23.2900,23.5700,23.2900
2015/07/08,23.0600,168036.0000,23.5900,23.6850,22.5200
2015/07/07,23.7800,93921.0000,23.8600,23.9700,23.5500
2015/07/06,23.9500,84018.0000,23.6300,24.0600,23.5100
2015/07/02,23.7600,52424.0000,23.9600,24.0900,23.6901
2015/07/01,23.9000,49872.0000,24.0000,24.0200,23.8000
2015/06/30,23.8800,42429.0000,23.8300,24.0800,23.7000
2015/06/29,23.6800,87770.0000,24.1800,24.2700,23.6700
2015/06/26,24.3500,125970.0000,24.4700,24.5200,24.2100
2015/06/25,24.4000,83148.0000,24.4100,24.5700,24.2600
2015/06/24,24.3900,73416.0000,24.6200,24.6900,24.2400
2015/06/23,24.6700,166436.0000,24.5700,24.8400,24.4500
2015/06/22,24.5200,128920.0000,24.8000,24.9400,24.4600
2015/06/19,24.7500,334849.0000,24.4800,24.7800,24.1700
2015/06/18,24.4100,87130.0000,24.4200,24.7000,24.3400
2015/06/17,24.3400,181224.0000,24.2900,24.4700,24.1500
2015/06/16,24.1800,90966.0000,24.0600,24.4500,23.9400
2015/06/15,24.0700,136470.0000,24.1200,24.2300,23.7900
2015/06/12,24.3300,80152.0000,24.2200,24.4100,24.1200
2015/06/11,24.2100,183417.0000,24.3300,24.7400,24.1700
2015/06/10,24.3300,219156.0000,24.6700,24.9700,24.2600
2015/06/09,24.6000,86348.0000,24.5100,24.6700,24.2600
2015/06/08,24.5400,75997.0000,24.7500,24.8400,24.5100
2015/06/05,24.8500,56423.0000,24.8500,24.8800,24.6500
2015/06/04,24.8900,205796.0000,24.8100,24.9600,24.7500
2015/06/03,24.9600,187058.0000,24.9900,25.0500,24.5500
2015/06/02,25.0300,83208.0000,25.0200,25.2100,24.8800
2015/06/01,25.0500,90902.0000,24.9100,25.2200,24.5900
2015/05/29,24.8800,170154.0000,24.9900,25.0800,24.4100
2015/05/28,25.0100,47503.0000,25.1600,25.1700,24.7900
2015/05/27,25.1300,52362.0000,24.9600,25.2000,24.6000
2015/05/26,24.9200,100550.0000,25.3200,25.5580,24.6000
2015/05/22,25.3400,116931.0000,25.4400,25.6300,25.1000
2015/05/21,25.4400,105910.0000,25.3700,25.5700,25.2300
2015/05/20,25.3300,60004.0000,25.4700,25.6240,25.1400
2015/05/19,25.3900,199390.0000,25.4800,25.6500,25.1000
2015/05/18,25.4000,137329.0000,25.2100,25.6400,24.9001
2015/05/15,25.1700,91983.0000,24.9700,25.2300,24.8600
2015/05/14,25.0000,79700.0000,24.5200,25.0200,24.4100
2015/05/13,24.5000,137372.0000,24.4200,24.5600,24.1000
2015/05/12,24.4300,72063.0000,24.4500,24.5000,24.0000
2015/05/11,24.4700,88011.0000,24.5000,24.6499,24.3200
2015/05/08,24.4700,192937.0000,24.4700,24.5300,23.8700
2015/05/07,24.4500,230191.0000,24.4900,24.7300,24.2500
2015/05/06,24.3100,282218.0000,24.2500,25.3700,23.8600
2015/05/05,23.6300,160430.0000,23.6800,23.7600,23.4000
2015/05/04,23.6500,223786.0000,23.6000,23.9400,23.5100
2015/05/01,23.6000,56725.0000,23.5900,23.7399,23.4800
2015/04/30,23.6400,107811.0000,23.8200,23.9300,23.3500
2015/04/29,23.9900,69225.0000,24.1700,24.1700,23.8300
2015/04/28,24.1200,36428.0000,23.9200,24.2300,23.7500
2015/04/27,23.9500,63047.0000,24.1300,24.4000,23.7700
2015/04/24,24.1100,63760.0000,24.2600,24.3000,23.8500
2015/04/23,24.1100,54435.0000,24.1900,24.3096,24.0620
2015/04/22,24.2900,40105.0000,23.8900,24.4300,23.7500
2015/04/21,23.8600,292066.0000,23.7500,23.9000,23.5600
2015/04/20,23.7600,29478.0000,23.6400,24.0700,23.5100
2015/04/17,23.5700,59477.0000,23.9800,24.0300,23.5000
2015/04/16,24.1700,55670.0000,24.1300,24.1800,24.0600
2015/04/15,24.0600,215149.0000,23.3300,24.1200,23.2900
2015/04/14,23.2500,159071.0000,23.5500,23.7400,22.9800
2015/04/13,23.5600,69418.0000,23.6000,23.7700,23.4200
2015/04/10,23.6600,47167.0000,23.5700,23.6700,23.4200
2015/04/09,23.4500,57904.0000,23.6500,23.8000,23.2500
2015/04/08,23.5500,47962.0000,23.4000,23.6300,23.4000
2015/04/07,23.3900,197335.0000,23.6200,23.7000,23.3700
2015/04/06,23.6200,83059.0000,23.4800,23.7600,23.3500
2015/04/02,23.5400,80257.0000,23.5500,23.7000,23.4400
2015/04/01,23.5500,99855.0000,23.8500,23.9500,23.3500
2015/03/31,23.8700,124599.0000,23.9800,24.0052,23.6800
2015/03/30,24.1000,84671.0000,24.7000,24.7200,24.0600
2015/03/27,24.6900,112036.0000,24.7600,24.9000,24.6900
2015/03/26,24.7600,99254.0000,24.6500,25.0300,24.6500
2015/03/25,24.7400,278736.0000,25.1200,25.2000,24.5100
2015/03/24,25.0000,103670.0000,24.5600,25.1100,24.5100
2015/03/23,24.5500,101661.0000,24.6900,24.9860,24.5300
2015/03/20,24.6300,244102.0000,24.4700,24.9095,24.3500
2015/03/19,24.3500,86846.0000,24.3000,24.4500,24.0000
2015/03/18,24.2500,709721.0000,24.3900,24.6100,24.0900
2015/03/17,24.5100,110857.0000,24.1900,24.5450,23.9200
2015/03/16,24.3200,125589.0000,24.5000,24.6730,24.2500
2015/03/13,24.2900,65345.0000,24.1400,24.5200,23.9300
2015/03/12,24.1000,99783.0000,24.1100,24.7500,24.0100
2015/03/11,24.0600,45272.0000,23.9900,24.1000,23.8200
